{"cameraMode":{"drawMode":0,"name":"Shaded","section":"Shading Mode"},"sceneLighting":true,"audioPlay":false,"sceneViewState":{"m_AlwaysRefresh":false,"showFog":true,"showSkybox":true,"showFlares":true,"showImageEffects":true,"showParticleSystems":true,"showVisualEffectGraphs":true,"m_FxEnabled":true},"in2DMode":false,"pivot":{"x":-0.22165250778198243,"y":0.4699999988079071,"z":-7.53000020980835},"rotation":{"x":-0.13653859496116639,"y":0.6688310503959656,"z":-0.12690261006355287,"w":-0.7196779847145081},"size":3.7036569118499758,"orthographic":true}